keyword,category,type
candlelight dinner surat,candlelight dinner,short
candle light dinner surat,candlelight dinner,short
candle night dinner surat,candlelight dinner,short
candlelight dinner in surat,candlelight dinner,short
romantic dinner surat,candlelight dinner,short
private dinner surat,candlelight dinner,short
couple dinner surat,candlelight dinner,short
dinner date surat,candlelight dinner,short
candle dinner surat,candlelight dinner,short
candlelight date surat,candlelight dinner,short
candle night surat,candlelight dinner,short
best candlelight dinner surat,candlelight dinner,medium
cheap candlelight dinner surat,candlelight dinner,medium
affordable candlelight dinner surat,candlelight dinner,medium
premium candlelight dinner surat,candlelight dinner,medium
luxury candlelight dinner surat,candlelight dinner,medium
private candlelight dinner surat,candlelight dinner,medium
romantic candlelight dinner surat,candlelight dinner,medium
candlelight dinner price surat,candlelight dinner,medium
candlelight dinner cost surat,candlelight dinner,medium
candlelight dinner booking surat,candlelight dinner,medium
candlelight dinner package surat,candlelight dinner,medium
candlelight dinner offers surat,candlelight dinner,medium
candlelight dinner deals surat,candlelight dinner,medium
candlelight dinner near me surat,candlelight dinner,medium
indoor candlelight dinner surat,candlelight dinner,medium
themed candlelight dinner surat,candlelight dinner,medium
candlelight dinner for two surat,candlelight dinner,medium
candlelight dinner with cake surat,candlelight dinner,medium
candlelight dinner with music surat,candlelight dinner,medium
candlelight dinner with decoration surat,candlelight dinner,medium
candlelight dinner with champagne surat,candlelight dinner,medium
candlelight dinner tonight surat,candlelight dinner,medium
candlelight dinner today surat,candlelight dinner,medium
candlelight dinner tomorrow surat,candlelight dinner,medium
couple candlelight dinner surat,candlelight dinner,medium
budget candlelight dinner surat,candlelight dinner,medium
candlelight dinner under 5000 surat,candlelight dinner,medium
candlelight dinner under 7000 surat,candlelight dinner,medium
candlelight dinner adajan surat,candlelight dinner,medium
birthday surprise surat,birthday surprise,short
birthday celebration surat,birthday surprise,short
birthday party surat,birthday surprise,short
birthday decoration surat,birthday surprise,short
birthday surprise in surat,birthday surprise,short
surprise birthday surat,birthday surprise,short
birthday setup surat,birthday surprise,short
birthday venue surat,birthday surprise,short
private birthday surat,birthday surprise,short
birthday dinner surat,birthday surprise,short
birthday night surat,birthday surprise,short
best birthday surprise surat,birthday surprise,medium
unique birthday surprise surat,birthday surprise,medium
romantic birthday surprise surat,birthday surprise,medium
private birthday party surat,birthday surprise,medium
birthday surprise booking surat,birthday surprise,medium
birthday surprise package surat,birthday surprise,medium
birthday surprise price surat,birthday surprise,medium
birthday surprise cost surat,birthday surprise,medium
birthday surprise near me surat,birthday surprise,medium
affordable birthday surprise surat,birthday surprise,medium
cheap birthday surprise surat,birthday surprise,medium
budget birthday surprise surat,birthday surprise,medium
premium birthday surprise surat,birthday surprise,medium
luxury birthday celebration surat,birthday surprise,medium
birthday surprise with cake surat,birthday surprise,medium
birthday surprise with decoration surat,birthday surprise,medium
birthday surprise with music surat,birthday surprise,medium
birthday surprise with champagne surat,birthday surprise,medium
themed birthday surprise surat,birthday surprise,medium
indoor birthday surprise surat,birthday surprise,medium
birthday surprise for husband surat,birthday surprise,medium
birthday surprise for wife surat,birthday surprise,medium
birthday surprise for boyfriend surat,birthday surprise,medium
birthday surprise for girlfriend surat,birthday surprise,medium
midnight birthday surprise surat,birthday surprise,medium
birthday surprise tonight surat,birthday surprise,medium
birthday surprise today surat,birthday surprise,medium
birthday surprise deals surat,birthday surprise,medium
birthday surprise offers surat,birthday surprise,medium
birthday surprise adajan surat,birthday surprise,medium
birthday celebration place surat,birthday surprise,medium
birthday surprise under 5000 surat,birthday surprise,medium
anniversary celebration surat,anniversary,short
anniversary surprise surat,anniversary,short
anniversary dinner surat,anniversary,short
anniversary party surat,anniversary,short
anniversary decoration surat,anniversary,short
anniversary setup surat,anniversary,short
anniversary venue surat,anniversary,short
private anniversary surat,anniversary,short
romantic anniversary surat,anniversary,short
wedding anniversary surat,anniversary,short
marriage anniversary surat,anniversary,short
best anniversary celebration surat,anniversary,medium
unique anniversary surprise surat,anniversary,medium
romantic anniversary dinner surat,anniversary,medium
private anniversary dinner surat,anniversary,medium
anniversary celebration booking surat,anniversary,medium
anniversary surprise package surat,anniversary,medium
anniversary celebration price surat,anniversary,medium
anniversary celebration cost surat,anniversary,medium
anniversary near me surat,anniversary,medium
affordable anniversary celebration surat,anniversary,medium
cheap anniversary celebration surat,anniversary,medium
budget anniversary celebration surat,anniversary,medium
premium anniversary celebration surat,anniversary,medium
luxury anniversary dinner surat,anniversary,medium
anniversary with cake surat,anniversary,medium
anniversary with decoration surat,anniversary,medium
anniversary with music surat,anniversary,medium
anniversary with champagne surat,anniversary,medium
themed anniversary celebration surat,anniversary,medium
indoor anniversary celebration surat,anniversary,medium
anniversary surprise for husband surat,anniversary,medium
anniversary surprise for wife surat,anniversary,medium
anniversary surprise for parents surat,anniversary,medium
first anniversary celebration surat,anniversary,medium
25th anniversary celebration surat,anniversary,medium
50th anniversary celebration surat,anniversary,medium
anniversary surprise tonight surat,anniversary,medium
anniversary surprise today surat,anniversary,medium
anniversary celebration deals surat,anniversary,medium
anniversary under 5000 surat,anniversary,medium
anniversary under 7000 surat,anniversary,medium
proposal setup surat,proposal,short
proposal decoration surat,proposal,short
proposal venue surat,proposal,short
proposal place surat,proposal,short
surprise proposal surat,proposal,short
propose in surat,proposal,short
proposal ideas surat,proposal,short
romantic proposal surat,proposal,short
private proposal surat,proposal,short
engagement setup surat,proposal,short
ring ceremony surat,proposal,short
best proposal setup surat,proposal,medium
unique proposal ideas surat,proposal,medium
surprise proposal setup surat,proposal,medium
proposal booking surat,proposal,medium
proposal package surat,proposal,medium
proposal price surat,proposal,medium
proposal cost surat,proposal,medium
proposal near me surat,proposal,medium
affordable proposal setup surat,proposal,medium
cheap proposal setup surat,proposal,medium
budget proposal setup surat,proposal,medium
premium proposal setup surat,proposal,medium
luxury proposal setup surat,proposal,medium
proposal with decoration surat,proposal,medium
proposal with music surat,proposal,medium
proposal with cake surat,proposal,medium
proposal with champagne surat,proposal,medium
themed proposal setup surat,proposal,medium
indoor proposal surat,proposal,medium
fairy tale proposal surat,proposal,medium
proposal planning surat,proposal,medium
proposal setup for boyfriend surat,proposal,medium
proposal setup for girlfriend surat,proposal,medium
proposal tonight surat,proposal,medium
proposal today surat,proposal,medium
proposal deals surat,proposal,medium
engagement decoration surat,proposal,medium
surprise engagement surat,proposal,medium
engagement venue surat,proposal,medium
proposal setup adajan surat,proposal,medium
surprise date surat,surprise date,short
date night surat,surprise date,short
date ideas surat,surprise date,short
date places surat,surprise date,short
romantic date surat,surprise date,short
couple date surat,surprise date,short
surprise date night surat,surprise date,short
date setup surat,surprise date,short
private date surat,surprise date,short
special date surat,surprise date,short
best date places surat,surprise date,medium
unique date ideas surat,surprise date,medium
romantic date ideas surat,surprise date,medium
surprise date booking surat,surprise date,medium
surprise date package surat,surprise date,medium
surprise date price surat,surprise date,medium
surprise date cost surat,surprise date,medium
surprise date near me surat,surprise date,medium
affordable surprise date surat,surprise date,medium
cheap date ideas surat,surprise date,medium
budget date night surat,surprise date,medium
premium date night surat,surprise date,medium
luxury date night surat,surprise date,medium
themed date night surat,surprise date,medium
indoor date night surat,surprise date,medium
date with decoration surat,surprise date,medium
date with cake surat,surprise date,medium
date with music surat,surprise date,medium
date with champagne surat,surprise date,medium
couple date night surat,surprise date,medium
first date ideas surat,surprise date,medium
surprise date for husband surat,surprise date,medium
surprise date for wife surat,surprise date,medium
surprise date for boyfriend surat,surprise date,medium
surprise date for girlfriend surat,surprise date,medium
date night tonight surat,surprise date,medium
date night today surat,surprise date,medium
date night deals surat,surprise date,medium
date night under 5000 surat,surprise date,medium
pre wedding shoot surat,pre-wedding shoot,short
pre wedding photoshoot surat,pre-wedding shoot,short
pre wedding photography surat,pre-wedding shoot,short
pre wedding shoot in surat,pre-wedding shoot,short
couple photoshoot surat,pre-wedding shoot,short
couple photography surat,pre-wedding shoot,short
pre wedding venue surat,pre-wedding shoot,short
pre wedding location surat,pre-wedding shoot,short
best pre wedding shoot surat,pre-wedding shoot,medium
pre wedding shoot booking surat,pre-wedding shoot,medium
pre wedding shoot package surat,pre-wedding shoot,medium
pre wedding shoot price surat,pre-wedding shoot,medium
pre wedding shoot cost surat,pre-wedding shoot,medium
pre wedding shoot near me surat,pre-wedding shoot,medium
affordable pre wedding shoot surat,pre-wedding shoot,medium
cheap pre wedding shoot surat,pre-wedding shoot,medium
budget pre wedding shoot surat,pre-wedding shoot,medium
premium pre wedding shoot surat,pre-wedding shoot,medium
indoor pre wedding shoot surat,pre-wedding shoot,medium
themed pre wedding shoot surat,pre-wedding shoot,medium
pre wedding shoot ideas surat,pre-wedding shoot,medium
pre wedding shoot with decoration surat,pre-wedding shoot,medium
couple photoshoot place surat,pre-wedding shoot,medium
couple photoshoot venue surat,pre-wedding shoot,medium
pre wedding shoot adajan surat,pre-wedding shoot,medium
boho pre wedding shoot surat,pre-wedding shoot,medium
baby shower surat,baby moments,short
baby shower in surat,baby moments,short
baby shower venue surat,baby moments,short
baby shower place surat,baby moments,short
baby shower decoration surat,baby moments,short
baby shower celebration surat,baby moments,short
baby shower party surat,baby moments,short
gender reveal surat,baby moments,short
baby announcement surat,baby moments,short
pregnancy celebration surat,baby moments,short
best baby shower surat,baby moments,medium
baby shower booking surat,baby moments,medium
baby shower package surat,baby moments,medium
baby shower price surat,baby moments,medium
baby shower cost surat,baby moments,medium
baby shower near me surat,baby moments,medium
affordable baby shower surat,baby moments,medium
budget baby shower surat,baby moments,medium
premium baby shower surat,baby moments,medium
baby shower with decoration surat,baby moments,medium
baby shower with cake surat,baby moments,medium
private baby shower surat,baby moments,medium
themed baby shower surat,baby moments,medium
indoor baby shower surat,baby moments,medium
gender reveal party surat,baby moments,medium
gender reveal venue surat,baby moments,medium
baby shower setup surat,baby moments,medium
baby shower ideas surat,baby moments,medium
baby shower adajan surat,baby moments,medium
valentine celebration surat,valentine,short
valentine surprise surat,valentine,short
valentine dinner surat,valentine,short
valentine date surat,valentine,short
valentine day surat,valentine,short
valentine week surat,valentine,short
valentine day in surat,valentine,short
rose day celebration surat,valentine,short
propose day celebration surat,valentine,short
valentine day celebration surat,valentine,medium
valentine day surprise surat,valentine,medium
valentine day dinner surat,valentine,medium
valentine day date surat,valentine,medium
valentine week celebration surat,valentine,medium
best valentine surprise surat,valentine,medium
romantic valentine surat,valentine,medium
valentine day booking surat,valentine,medium
valentine day package surat,valentine,medium
valentine day price surat,valentine,medium
valentine day cost surat,valentine,medium
valentine day near me surat,valentine,medium
affordable valentine celebration surat,valentine,medium
premium valentine celebration surat,valentine,medium
valentine day with decoration surat,valentine,medium
valentine day with cake surat,valentine,medium
valentine day with champagne surat,valentine,medium
valentine day indoor surat,valentine,medium
valentine day themed surat,valentine,medium
valentine day for husband surat,valentine,medium
valentine day for wife surat,valentine,medium
valentine day for boyfriend surat,valentine,medium
valentine day for girlfriend surat,valentine,medium
valentine day deals surat,valentine,medium
valentine day offers surat,valentine,medium
teddy day celebration surat,valentine,medium
promise day celebration surat,valentine,medium
hug day celebration surat,valentine,medium
kiss day celebration surat,valentine,medium
themed celebration surat,themed setup,short
themed setup surat,themed setup,short
themed dinner surat,themed setup,short
themed party surat,themed setup,short
themed venue surat,themed setup,short
indoor celebration surat,themed setup,short
indoor setup surat,themed setup,short
indoor dining surat,themed setup,short
indoor party surat,themed setup,short
indoor venue surat,themed setup,short
best themed celebration surat,themed setup,medium
best indoor celebration surat,themed setup,medium
romantic themed dinner surat,themed setup,medium
private themed dinner surat,themed setup,medium
themed celebration booking surat,themed setup,medium
themed celebration package surat,themed setup,medium
themed celebration price surat,themed setup,medium
themed celebration cost surat,themed setup,medium
themed celebration near me surat,themed setup,medium
affordable themed celebration surat,themed setup,medium
budget themed celebration surat,themed setup,medium
premium themed celebration surat,themed setup,medium
luxury themed dinner surat,themed setup,medium
themed dinner for couple surat,themed setup,medium
themed dinner with cake surat,themed setup,medium
themed dinner with decoration surat,themed setup,medium
themed dinner with music surat,themed setup,medium
themed dinner with champagne surat,themed setup,medium
themed birthday surat,themed setup,medium
themed anniversary surat,themed setup,medium
swing setup surat,hivy setups,short
swing of love surat,hivy setups,short
swing celebration surat,hivy setups,short
swing dinner surat,hivy setups,short
swing date surat,hivy setups,short
romantic swing setup surat,hivy setups,medium
swing setup booking surat,hivy setups,medium
swing setup price surat,hivy setups,medium
swing birthday surat,hivy setups,medium
swing anniversary surat,hivy setups,medium
swing proposal surat,hivy setups,medium
swing date night surat,hivy setups,medium
swing candlelight dinner surat,hivy setups,medium
boho celebration surat,hivy setups,short
boho chic surat,hivy setups,short
boho setup surat,hivy setups,short
boho dinner surat,hivy setups,short
boho date surat,hivy setups,short
bohemian setup surat,hivy setups,short
bohemian celebration surat,hivy setups,short
romantic boho setup surat,hivy setups,medium
boho setup booking surat,hivy setups,medium
boho setup price surat,hivy setups,medium
boho birthday surat,hivy setups,medium
boho anniversary surat,hivy setups,medium
boho proposal surat,hivy setups,medium
boho date night surat,hivy setups,medium
boho candlelight dinner surat,hivy setups,medium
fairy tale setup surat,hivy setups,short
fairy tale celebration surat,hivy setups,short
fairy tale dinner surat,hivy setups,short
fairy tale date surat,hivy setups,short
romantic fairy tale setup surat,hivy setups,medium
fairy tale setup booking surat,hivy setups,medium
fairy tale setup price surat,hivy setups,medium
fairy tale birthday surat,hivy setups,medium
fairy tale anniversary surat,hivy setups,medium
fairy tale date night surat,hivy setups,medium
fairy tale candlelight dinner surat,hivy setups,medium
tent setup surat,hivy setups,short
tent of romance surat,hivy setups,short
tent celebration surat,hivy setups,short
tent dinner surat,hivy setups,short
tent date surat,hivy setups,short
romantic tent setup surat,hivy setups,medium
tent setup booking surat,hivy setups,medium
tent setup price surat,hivy setups,medium
tent birthday surat,hivy setups,medium
tent anniversary surat,hivy setups,medium
tent proposal surat,hivy setups,medium
tent date night surat,hivy setups,medium
tent candlelight dinner surat,hivy setups,medium
elite group setup surat,hivy setups,short
group celebration surat,hivy setups,short
group party surat,hivy setups,short
group setup surat,hivy setups,short
elite celebration surat,hivy setups,short
elite setup booking surat,hivy setups,medium
elite setup price surat,hivy setups,medium
group birthday surat,hivy setups,medium
group anniversary surat,hivy setups,medium
group celebration booking surat,hivy setups,medium
group celebration price surat,hivy setups,medium
private celebration surat,private celebration,short
private dining surat,private celebration,short
private party surat,private celebration,short
private venue surat,private celebration,short
private setup surat,private celebration,short
private dinner date surat,private celebration,short
couple celebration surat,private celebration,short
couple party surat,private celebration,short
couple venue surat,private celebration,short
couple hangout surat,private celebration,short
best private dining surat,private celebration,medium
romantic private dining surat,private celebration,medium
private celebration booking surat,private celebration,medium
private celebration package surat,private celebration,medium
private celebration price surat,private celebration,medium
private celebration cost surat,private celebration,medium
private celebration near me surat,private celebration,medium
affordable private celebration surat,private celebration,medium
budget private dining surat,private celebration,medium
premium private dining surat,private celebration,medium
luxury private dining surat,private celebration,medium
couple celebration place surat,private celebration,medium
couple celebration venue surat,private celebration,medium
private celebration with cake surat,private celebration,medium
private celebration with decoration surat,private celebration,medium
private celebration with music surat,private celebration,medium
private celebration with champagne surat,private celebration,medium
romantic celebration surat,romantic,short
romantic places surat,romantic,short
romantic venue surat,romantic,short
romantic restaurant surat,romantic,short
romantic cafe surat,romantic,short
romantic spot surat,romantic,short
romantic experience surat,romantic,short
romantic setup surat,romantic,short
romantic surprise surat,romantic,short
romantic evening surat,romantic,short
romantic night surat,romantic,short
best romantic places surat,romantic,medium
best romantic dinner surat,romantic,medium
romantic places in surat,romantic,medium
romantic dinner place surat,romantic,medium
romantic celebration place surat,romantic,medium
romantic celebration venue surat,romantic,medium
romantic setup booking surat,romantic,medium
romantic setup package surat,romantic,medium
romantic setup price surat,romantic,medium
romantic setup cost surat,romantic,medium
romantic setup near me surat,romantic,medium
affordable romantic dinner surat,romantic,medium
budget romantic dinner surat,romantic,medium
premium romantic setup surat,romantic,medium
luxury romantic dinner surat,romantic,medium
romantic dinner for two surat,romantic,medium
romantic dinner with decoration surat,romantic,medium
romantic dinner with cake surat,romantic,medium
romantic dinner with music surat,romantic,medium
romantic dinner tonight surat,romantic,medium
romantic dinner today surat,romantic,medium
surprise for husband surat,surprise for person,medium
surprise for wife surat,surprise for person,medium
surprise for boyfriend surat,surprise for person,medium
surprise for girlfriend surat,surprise for person,medium
surprise for parents surat,surprise for person,medium
surprise for friend surat,surprise for person,medium
surprise for him surat,surprise for person,medium
surprise for her surat,surprise for person,medium
romantic surprise for husband surat,surprise for person,medium
romantic surprise for wife surat,surprise for person,medium
romantic surprise for boyfriend surat,surprise for person,medium
romantic surprise for girlfriend surat,surprise for person,medium
dinner surprise for husband surat,surprise for person,medium
dinner surprise for wife surat,surprise for person,medium
dinner surprise for boyfriend surat,surprise for person,medium
dinner surprise for girlfriend surat,surprise for person,medium
celebration for husband surat,surprise for person,medium
celebration for wife surat,surprise for person,medium
celebration for boyfriend surat,surprise for person,medium
celebration for girlfriend surat,surprise for person,medium
surprise decoration surat,surprise decoration,short
surprise setup surat,surprise decoration,short
surprise planning surat,surprise decoration,short
surprise ideas surat,surprise decoration,short
romantic decoration surat,surprise decoration,short
candle decoration surat,surprise decoration,short
balloon decoration surat,surprise decoration,short
flower decoration surat,surprise decoration,short
rose decoration surat,surprise decoration,short
led decoration surat,surprise decoration,short
party decoration surat,surprise decoration,short
celebration decoration surat,surprise decoration,short
best surprise decoration surat,surprise decoration,medium
unique surprise ideas surat,surprise decoration,medium
surprise decoration booking surat,surprise decoration,medium
surprise decoration package surat,surprise decoration,medium
surprise decoration price surat,surprise decoration,medium
surprise decoration cost surat,surprise decoration,medium
affordable surprise decoration surat,surprise decoration,medium
premium surprise decoration surat,surprise decoration,medium
romantic decoration setup surat,surprise decoration,medium
birthday decoration setup surat,surprise decoration,medium
anniversary decoration setup surat,surprise decoration,medium
proposal decoration setup surat,surprise decoration,medium
midnight surprise surat,special timing,short
midnight celebration surat,special timing,short
midnight birthday surat,special timing,short
late night celebration surat,special timing,short
late night dinner surat,special timing,short
late night surprise surat,special timing,short
evening celebration surat,special timing,short
evening dinner surat,special timing,short
lunch celebration surat,special timing,short
lunch date surat,special timing,short
midnight surprise booking surat,special timing,medium
midnight birthday booking surat,special timing,medium
late night dinner booking surat,special timing,medium
late night celebration booking surat,special timing,medium
midnight cake surprise surat,special timing,medium
weekend celebration surat,special timing,medium
weekday celebration surat,special timing,medium
sunday celebration surat,special timing,medium
saturday celebration surat,special timing,medium
tonight dinner surat,special timing,medium
tonight celebration surat,special timing,medium
tonight surprise surat,special timing,medium
today dinner surat,special timing,medium
today celebration surat,special timing,medium
today surprise surat,special timing,medium
tomorrow dinner surat,special timing,medium
tomorrow celebration surat,special timing,medium
tomorrow surprise surat,special timing,medium
same day booking celebration surat,special timing,medium
last minute surprise surat,special timing,medium
last minute birthday surat,special timing,medium
last minute anniversary surat,special timing,medium
last minute dinner surat,special timing,medium
hivy surat,brand,short
hivy place for celebrations,brand,short
hivy place for celebrations surat,brand,medium
hivy celebration surat,brand,short
hivy surat price,brand,short
hivy surat booking,brand,short
hivy surat package,brand,short
hivy surat review,brand,short
hivy surat contact,brand,short
hivy surat location,brand,short
hivy surat adajan,brand,short
hivy birthday surat,brand,medium
hivy anniversary surat,brand,medium
hivy proposal surat,brand,medium
hivy dinner surat,brand,medium
hivy candlelight dinner surat,brand,medium
hivy surprise surat,brand,medium
hivy couple surat,brand,medium
hivy decoration surat,brand,medium
hivy date night surat,brand,medium
hivy pre wedding surat,brand,medium
hivy baby shower surat,brand,medium
hivy valentine surat,brand,medium
hivy photos surat,brand,medium
hivy swing of love,brand,medium
hivy boho chic,brand,medium
hivy fairy tale,brand,medium
hivy tent of romance,brand,medium
hivy elite group setup,brand,medium
bookmymoment surat,brand,short
book my moment surat,brand,short
celebration place surat,general,short
celebration venue surat,general,short
celebration cafe surat,general,short
celebration ideas surat,general,short
best celebration place surat,general,medium
unique celebration ideas surat,general,medium
intimate celebration surat,general,short
small celebration surat,general,short
special celebration surat,general,short
memorable celebration surat,general,short
surprise planner surat,planner,short
celebration planner surat,planner,short
party planner surat,planner,short
birthday planner surat,planner,short
anniversary planner surat,planner,short
proposal planner surat,planner,short
surprise organizer surat,planner,short
best surprise planner surat,planner,medium
celebration planning service surat,planner,medium
couple outing surat,couple,short
couple places surat,couple,short
couple restaurant surat,couple,short
couple cafe surat,couple,short
couple spot surat,couple,short
couple friendly places surat,couple,medium
couple friendly restaurant surat,couple,medium
couple friendly cafe surat,couple,medium
best couple places surat,couple,medium
best couple restaurant surat,couple,medium
couple activities surat,couple,short
couple experience surat,couple,short
couple date ideas surat,couple,medium
couple hangout places surat,couple,medium
couple dinner place surat,couple,medium
things to do for couples surat,couple,medium
where to celebrate birthday surat,question,medium
where to celebrate anniversary surat,question,medium
where to propose surat,question,medium
where to go for date surat,question,medium
where to go for couple dinner surat,question,medium
where to plan surprise surat,question,medium
where to have candlelight dinner surat,question,medium
where to have romantic dinner surat,question,medium
where to have private dinner surat,question,medium
best place to celebrate birthday surat,question,medium
best place to celebrate anniversary surat,question,medium
best place to propose surat,question,medium
best place for couple surat,question,medium
best place for date night surat,question,medium
best place for romantic dinner surat,question,medium
best place for candlelight dinner surat,question,medium
best place for private dinner surat,question,medium
best place for surprise surat,question,medium
how to plan birthday surprise surat,question,medium
how to plan anniversary surprise surat,question,medium
how to plan proposal surat,question,medium
how to surprise husband surat,question,medium
how to surprise wife surat,question,medium
how to surprise boyfriend surat,question,medium
how to surprise girlfriend surat,question,medium
candlelight dinner for couple surat,intent,medium
private dinner for couple surat,intent,medium
romantic dinner for couple surat,intent,medium
special dinner for couple surat,intent,medium
celebration for couple surat,intent,medium
surprise for couple surat,intent,medium
decoration for couple surat,intent,medium
setup for couple surat,intent,medium
venue for couple surat,intent,medium
dinner for two surat,intent,short
table for two surat,intent,short
celebration for two surat,intent,medium
evening for two surat,intent,medium
night for two surat,intent,medium
date for two surat,intent,short
special evening surat,intent,short
magical evening surat,intent,short
memorable evening surat,intent,short
perfect date surat,intent,short
dream date surat,intent,short
perfect evening surat,intent,short
special night surat,intent,short
romantic night out surat,intent,medium
couple night out surat,intent,medium
celebration booking online surat,booking,medium
online booking celebration surat,booking,medium
book celebration surat,booking,short
book surprise surat,booking,short
book dinner surat,booking,short
book themed dinner surat,booking,medium
book indoor celebration surat,booking,medium
advance booking celebration surat,booking,medium
instant booking celebration surat,booking,medium
whatsapp booking celebration surat,booking,medium
3 hour private booking surat,package feature,medium
private 3 hour celebration surat,package feature,medium
celebration with cake surat,package feature,medium
celebration with music surat,package feature,medium
celebration with decoration surat,package feature,medium
celebration with champagne surat,package feature,medium
photo ready celebration surat,package feature,medium
decorated celebration surat,package feature,medium
non alcoholic champagne celebration surat,package feature,medium
swing of love surat price,package name,medium
boho chic surat price,package name,medium
fairy tale proposals surat price,package name,medium
tent of romance surat price,package name,medium
elite group setup surat price,package name,medium
swing of love booking,package name,medium
boho chic booking,package name,medium
fairy tale proposals booking,package name,medium
tent of romance booking,package name,medium
elite group setup booking,package name,medium
swing of love,package name,short
boho chic,package name,short
fairy tale proposals,package name,short
tent of romance,package name,short
elite group setup,package name,short
celebration under 5000 surat,pricing,medium
celebration under 6000 surat,pricing,medium
celebration under 7000 surat,pricing,medium
dinner under 5000 surat,pricing,medium
dinner under 6000 surat,pricing,medium
dinner under 7000 surat,pricing,medium
surprise under 5000 surat,pricing,medium
surprise under 7000 surat,pricing,medium
cheap celebration surat,pricing,short
affordable celebration surat,pricing,short
budget celebration surat,pricing,short
premium celebration surat,pricing,short
luxury celebration surat,pricing,short
best value celebration surat,pricing,medium
pocket friendly celebration surat,pricing,medium
romantic dinner price surat,pricing,medium
private dining price surat,pricing,medium
surprise setup price surat,pricing,medium
celebration setup price surat,pricing,medium
new year celebration surat,seasonal,medium
new year dinner surat,seasonal,medium
new year party surat,seasonal,medium
new year surprise surat,seasonal,medium
christmas celebration surat,seasonal,medium
christmas dinner surat,seasonal,medium
diwali celebration surat,seasonal,medium
mothers day celebration surat,seasonal,medium
fathers day celebration surat,seasonal,medium
womens day celebration surat,seasonal,medium
karwa chauth celebration surat,seasonal,medium
friendship day celebration surat,seasonal,medium
honeymoon dinner surat,seasonal,short
farewell celebration surat,seasonal,short
success celebration surat,seasonal,short
promotion celebration surat,seasonal,medium
graduation celebration surat,seasonal,medium
bride to be party surat,seasonal,medium
bachelorette party surat,seasonal,short
romantic dinner adajan surat,locality,medium
celebration adajan surat,locality,short
private dining adajan surat,locality,medium
anniversary celebration adajan surat,locality,medium
couple dinner adajan surat,locality,medium
surprise date adajan surat,locality,medium
celebration pal gam surat,locality,medium
private dining pal gam surat,locality,medium
date night adajan surat,locality,medium
surprise decoration adajan surat,locality,medium
birthday party adajan surat,locality,medium
romantic dinner pal gam surat,locality,medium
celebration vesu surat,locality,medium
celebration athwa surat,locality,medium
celebration dumas surat,locality,medium
celebration city light surat,locality,medium
celebration piplod surat,locality,medium
celebration new city light surat,locality,medium
celebration ghod dod road surat,locality,medium
celebration althan surat,locality,medium
celebration varachha surat,locality,medium
celebration katargam surat,locality,medium
celebration ring road surat,locality,medium
celebration magdalla surat,locality,medium
celebration dindoli surat,locality,medium
candlelight dinner adajan,locality,short
birthday surprise adajan,locality,short
romantic dinner adajan,locality,short
proposal setup adajan,locality,short
anniversary celebration adajan,locality,medium
private celebration adajan,locality,short
date night adajan,locality,short
candlelight dinner surat near me,near me,medium
birthday surprise surat near me,near me,medium
anniversary celebration surat near me,near me,medium
proposal setup surat near me,near me,medium
surprise date surat near me,near me,medium
romantic dinner surat near me,near me,medium
private dining surat near me,near me,medium
themed celebration surat near me,near me,medium
couple dinner surat near me,near me,medium
celebration surat near me,near me,medium
surprise decoration surat near me,near me,medium
pre wedding shoot surat near me,near me,medium
baby shower surat near me,near me,medium
date night surat near me,near me,medium
romantic setup surat near me,near me,medium
hivy surat review google,review,medium
best rated celebration surat,review,medium
top rated celebration surat,review,medium
4.9 rated celebration surat,review,medium
highly rated dinner surat,review,medium
most reviewed celebration surat,review,medium
trusted celebration surat,review,medium
popular celebration surat,review,medium
famous celebration surat,review,medium
recommended celebration surat,review,medium
intimate dinner surat,intimate,short
intimate birthday surat,intimate,short
intimate anniversary surat,intimate,short
exclusive dinner surat,intimate,short
exclusive celebration surat,intimate,short
cozy dinner surat,intimate,short
cozy celebration surat,intimate,short
cozy date night surat,intimate,short
special dinner surat,intimate,short
memorable dinner surat,intimate,short
magical celebration surat,intimate,short
dreamy celebration surat,intimate,short
elegant celebration surat,intimate,short
romantic things to do surat,discovery,medium
fun things for couples surat,discovery,medium
things to do with partner surat,discovery,medium
couple things to do surat,discovery,medium
date ideas tonight surat,discovery,medium
weekend date ideas surat,discovery,medium
romantic weekend ideas surat,discovery,medium
weekend plans couple surat,discovery,medium
what to do on birthday surat,discovery,medium
what to do on anniversary surat,discovery,medium
how to celebrate birthday surat,discovery,medium
how to celebrate anniversary surat,discovery,medium
unique celebration surat,discovery,short
creative celebration surat,discovery,short
different celebration surat,discovery,short
instagrammable celebration surat,discovery,medium
photo worthy celebration surat,discovery,medium
celebration photos surat,discovery,short
couple photos surat,discovery,shortmidnight birthday surprise surat,midnight,medium
midnight anniversary surprise surat,midnight,medium
midnight cake cutting surat,midnight,medium
midnight romantic surprise surat,midnight,medium
midnight celebration booking surat,midnight,medium
late night candlelight dinner surat,midnight,medium
late night birthday celebration surat,midnight,medium
late night anniversary dinner surat,midnight,medium
late night romantic dinner surat,midnight,medium
late night couple dinner surat,midnight,medium
10 pm dinner surat,midnight,short
11 pm celebration surat,midnight,short
12 am birthday surat,midnight,short
12 am surprise surat,midnight,short
midnight surprise for husband surat,midnight,medium
midnight surprise for wife surat,midnight,medium
midnight surprise for boyfriend surat,midnight,medium
midnight surprise for girlfriend surat,midnight,medium
candlelight dinner for anniversary surat,combo,medium
candlelight dinner for birthday surat,combo,medium
candlelight dinner for proposal surat,combo,medium
candlelight dinner for valentine surat,combo,medium
birthday surprise themed surat,combo,medium
birthday surprise indoor surat,combo,medium
anniversary themed dinner surat,combo,medium
anniversary indoor celebration surat,combo,medium
proposal themed setup surat,combo,medium
proposal indoor setup surat,combo,medium
surprise date themed surat,combo,medium
surprise date indoor surat,combo,medium
romantic themed birthday surat,combo,medium
romantic indoor birthday surat,combo,medium
romantic themed anniversary surat,combo,medium
romantic indoor anniversary surat,combo,medium
private themed celebration surat,combo,medium
private indoor celebration surat,combo,medium
swing birthday celebration surat,combo,medium
swing anniversary celebration surat,combo,medium
swing proposal setup surat,combo,medium
boho birthday celebration surat,combo,medium
boho anniversary celebration surat,combo,medium
boho proposal setup surat,combo,medium
fairy tale birthday celebration surat,combo,medium
tent birthday celebration surat,combo,medium
tent anniversary celebration surat,combo,medium
tent proposal setup surat,combo,medium
candlelight dinner couple surat,combo service,medium
birthday surprise couple surat,combo service,medium
anniversary dinner couple surat,combo service,medium
romantic proposal dinner surat,combo service,medium
surprise birthday dinner surat,combo service,medium
surprise anniversary dinner surat,combo service,medium
surprise dinner husband surat,combo service,medium
surprise dinner wife surat,combo service,medium
surprise dinner boyfriend surat,combo service,medium
surprise dinner girlfriend surat,combo service,medium
couple romantic dinner surat,combo service,medium
couple celebration dinner surat,combo service,medium
couple private dinner surat,combo service,medium
birthday with candlelight dinner surat,combo service,medium
anniversary with candlelight dinner surat,combo service,medium
proposal with candlelight dinner surat,combo service,medium
date night with candlelight dinner surat,combo service,medium
birthday with decoration surat,combo service,medium
date night with decoration surat,combo service,medium
private birthday dinner surat,combo service,medium
private proposal dinner surat,combo service,medium
private couple dinner surat,combo service,medium
candlelight dinner with flowers surat,additions,medium
candlelight dinner with roses surat,additions,medium
candlelight dinner with balloons surat,additions,medium
birthday with balloon decoration surat,additions,medium
birthday with flower decoration surat,additions,medium
anniversary with flower decoration surat,additions,medium
anniversary with rose decoration surat,additions,medium
proposal with rose decoration surat,additions,medium
proposal with balloon decoration surat,additions,medium
surprise with balloon decoration surat,additions,medium
surprise with flower decoration surat,additions,medium
celebration with led decoration surat,additions,medium
celebration with fairy lights surat,additions,medium
starlight dinner surat,ambiance,short
fairy light dinner surat,ambiance,medium
fairy light setup surat,ambiance,short
led light celebration surat,ambiance,medium
dreamy dinner surat,ambiance,short
magical dinner surat,ambiance,short
celebration package 5100 surat,price specific,medium
celebration package 5400 surat,price specific,medium
celebration package 5700 surat,price specific,medium
celebration package 6300 surat,price specific,medium
celebration package 6500 surat,price specific,medium
romantic dinner 5000 surat,price specific,medium
surprise under 6000 surat,price specific,medium
dinner under 5500 surat,price specific,medium
birthday surprise 5000 surat,price specific,medium
anniversary celebration 5000 surat,price specific,medium
candlelight dinner 5100 surat,price specific,medium
celebration near adajan surat,locality intent,medium
celebration near pal gam surat,locality intent,medium
celebration near pratham circle surat,locality intent,medium
celebration near green city road surat,locality intent,medium
candlelight dinner near adajan surat,locality intent,medium
birthday surprise near adajan surat,locality intent,medium
romantic dinner near adajan surat,locality intent,medium
proposal setup near adajan surat,locality intent,medium
surprise date near adajan surat,locality intent,medium
couple dinner near adajan surat,locality intent,medium
private dining near adajan surat,locality intent,medium
date night near adajan surat,locality intent,medium
celebration near vesu surat,locality intent,medium
celebration near athwa surat,locality intent,medium
celebration near city light surat,locality intent,medium
celebration near piplod surat,locality intent,medium
romantic dinner near vesu surat,locality intent,medium
birthday surprise near vesu surat,locality intent,medium
all inclusive celebration surat,feature,medium
celebration with everything included surat,feature,medium
decorated dinner surat,feature,medium
3 hour celebration surat,feature,medium
3 hour dinner surat,feature,medium
3 hour private dining surat,feature,medium
celebration with welcome drink surat,feature,medium
celebration setup ideas surat,feature,medium
surprise setup ideas surat,feature,medium
birthday setup ideas surat,feature,medium
anniversary setup ideas surat,feature,medium
proposal setup ideas surat,feature,medium
date night ideas with decoration surat,feature,medium
candlelight dinner setup surat,feature,medium
candlelight dinner decoration surat,feature,medium
surprise dinner setup surat,feature,medium
surprise dinner decoration surat,feature,medium
birthday dinner setup surat,feature,medium
anniversary dinner setup surat,feature,medium
proposal dinner setup surat,feature,medium
couple dinner setup surat,feature,medium
romantic dinner setup surat,feature,medium
private dinner setup surat,feature,medium
date night setup surat,feature,medium
fine dining celebration surat,feature,medium
luxury dining surat,intimate,short
premium dining surat,intimate,short
unforgettable celebration surat,intimate,medium
classy dinner surat,intimate,short
elegant dinner surat,intimate,short
romantic outing surat,intimate,short
couple outing ideas surat,intimate,medium
private 100 percent celebration surat,feature,medium
photogenic celebration surat,discovery,medium
celebration videography surat,discovery,medium
best celebration pics surat,discovery,medium
couple pics surat,discovery,short
celebration pics surat,discovery,short
evening plans couple surat,discovery,medium
creative surprise ideas surat,discovery,medium
candlelight dinner near pratham circle,locality,medium
birthday surprise near pratham circle,locality,medium
celebration with non alcoholic champagne surat,feature,medium
themed celebration with champagne surat,feature,medium
indoor celebration with cake surat,feature,medium
themed celebration with cake surat,feature,medium
swing setup with cake surat,feature,medium
boho setup with cake surat,feature,medium
fairy tale setup with cake surat,feature,medium
tent setup with cake surat,feature,medium
private indoor dinner surat,combo,medium
themed private celebration surat,combo,medium
indoor private celebration surat,combo,medium
romantic swing dinner surat,combo,medium
romantic boho dinner surat,combo,medium
romantic fairy tale dinner surat,combo,medium
romantic tent dinner surat,combo,medium
surprise swing setup surat,combo,medium
surprise boho setup surat,combo,medium
surprise fairy tale setup surat,combo,medium
surprise tent setup surat,combo,medium
